Genre,metacritic
Role-Playing,79.63713080168776
Racing,78.4423076923077
Sports,77.66
Strategy,76.7218045112782
Puzzle,76.15151515151516
Platform,75.76
Fighting,75.09756097560975
Shooter,74.57211538461539
Adventure,74.05660377358491
Action,73.95945945945945
Simulation,73.33333333333333
Misc,70.48837209302326
